{
  "0": [
  {
  "pic":"urlHere"
  },
  {
  "pic":"..."
  }
  ],
  "1": [
  {
  "pic":""
  },
  {
  "pic":""
  }
  ],
  "2": [
  {
  "pic":""
  },
  {
  "pic":""
  }
  ],
    "3": [
  {
  "pic":""
  },
  {
  "pic":""
  }
  ],
    "4": [
  {
  "pic":""
  },
  {
  "pic":""
  }
  ],
    "5": [
  {
  "pic":""
  },
  {
  "pic":""
  }
  ],
    "6": [
  {
  "pic":""
  },
  {
  "pic":""
  }
  ],
    "7": [
  {
  "pic":""
  },
  {
  "pic":""
  }
  ],
    "8": [
  {
  "pic":""
  },
  {
  "pic":""
  }
  ],
    "9": [
  {
  "pic":""
  },
  {
  "pic":""
  }
  ],
  "10": [
  {
  "pic":""
  },
  {
  "pic":""
  }
  ]
}