{
  "0": [
  {
  "pic":"selfies/council2.jpg"
  },
  {
  "pic":"selfies/council3.jpg"
  },
  {
  "pic":"selfies/council1.jpg"
  }
  ],
  "1": [
  {
  "pic":"selfies/containR1.jpg"
  },
  {
  "pic":"selfies/containR2.jpg"
  }
  ],
  "2": [
  {
  "pic":""
  },
  {
  "pic":""
  }
  ],
    "3": [
  {
  "pic":""
  },
  {
  "pic":""
  }
  ],
    "4": [
  {
  "pic":""
  },
  {
  "pic":""
  }
  ],
    "5": [
  {
  "pic":""
  },
  {
  "pic":""
  }
  ],
    "6": [
  {
  "pic":"selfies/peaceBridge1.jpg"
  },
  {
  "pic":"selfies/peaceBridge2.jpg"
  }
  ],
    "7": [
  {
  "pic":"selfies/totem1.jpg"
  },
  {
  "pic":"selfies/totem2.jpg"
  }
  ],
    "8": [
  {
  "pic":""
  },
  {
  "pic":""
  }
  ],
    "9": [
  {
  "pic":""
  },
  {
  "pic":""
  }
  ],
  "10": [
  {
  "pic":""
  },
  {
  "pic":""
  }
  ]
}